-- MySQL dump 10.13  Distrib 5.6.30, for Linux (x86_64)
--
-- Host: localhost    Database: demo
-- ------------------------------------------------------
-- Server version       5.6.30

/*!40101 SET @OLD_CHARACTER_SET_CLIENT=@@CHARACTER_SET_CLIENT */;
/*!40101 SET @OLD_CHARACTER_SET_RESULTS=@@CHARACTER_SET_RESULTS */;
/*!40101 SET @OLD_COLLATION_CONNECTION=@@COLLATION_CONNECTION */;
/*!40101 SET NAMES utf8 */;
/*!40103 SET @OLD_TIME_ZONE=@@TIME_ZONE */;
/*!40103 SET TIME_ZONE='+00:00' */;
/*!40014 SET @OLD_UNIQUE_CHECKS=@@UNIQUE_CHECKS, UNIQUE_CHECKS=0 */;
/*!40014 SET @OLD_FOREIGN_KEY_CHECKS=@@FOREIGN_KEY_CHECKS, FOREIGN_KEY_CHECKS=0 */;
/*!40101 SET @OLD_SQL_MODE=@@SQL_MODE, SQL_MODE='NO_AUTO_VALUE_ON_ZERO' */;
/*!40111 SET @OLD_SQL_NOTES=@@SQL_NOTES, SQL_NOTES=0 */;

--
-- Table structure for table `company_info`
--

DROP TABLE IF EXISTS `company_info`;
/*!40101 SET @saved_cs_client     = @@character_set_client */;
/*!40101 SET character_set_client = utf8 */;
CREATE TABLE `company_info` (
  `id` int(11) NOT NULL,
  `name` varchar(100) NOT NULL,
  `address` varchar(100) NOT NULL,
  `email` varchar(45) NOT NULL,
  `phoneNo` varchar(20) NOT NULL,
  `insertTime` timestamp NULL DEFAULT CURRENT_TIMESTAMP,
  PRIMARY KEY (`id`)
) ENGINE=InnoDB DEFAULT CHARSET=utf8;
/*!40101 SET character_set_client = @saved_cs_client */;

--
-- Dumping data for table `company_info`
--

LOCK TABLES `company_info` WRITE;
/*!40000 ALTER TABLE `company_info` DISABLE KEYS */;
INSERT INTO `company_info` VALUES (1,'2','3','4','5','2016-10-18 02:03:18');
/*!40000 ALTER TABLE `company_info` ENABLE KEYS */;
UNLOCK TABLES;

--
-- Table structure for table `manager`
--

DROP TABLE IF EXISTS `manager`;
/*!40101 SET @saved_cs_client     = @@character_set_client */;
/*!40101 SET character_set_client = utf8 */;
CREATE TABLE `manager` (
  `idManager` int(11) NOT NULL AUTO_INCREMENT,
  `userName` varchar(45) DEFAULT NULL,
  `age` int(11) DEFAULT NULL,
  PRIMARY KEY (`idManager`)
) ENGINE=InnoDB AUTO_INCREMENT=2 DEFAULT CHARSET=utf8;
/*!40101 SET character_set_client = @saved_cs_client */;

--
-- Dumping data for table `manager`
--

LOCK TABLES `manager` WRITE;
/*!40000 ALTER TABLE `manager` DISABLE KEYS */;
INSERT INTO `manager` VALUES (1,'吴云峰',30);
/*!40000 ALTER TABLE `manager` ENABLE KEYS */;
UNLOCK TABLES;

--
-- Table structure for table `t_permission`
--

DROP TABLE IF EXISTS `t_permission`;
/*!40101 SET @saved_cs_client     = @@character_set_client */;
/*!40101 SET character_set_client = utf8 */;
CREATE TABLE `t_permission` (
  `id` int(11) NOT NULL,
  `permissionname` varchar(45) NOT NULL,
  `role_id` int(11) NOT NULL,
  PRIMARY KEY (`id`)
) ENGINE=InnoDB DEFAULT CHARSET=utf8;
/*!40101 SET character_set_client = @saved_cs_client */;

--
-- Dumping data for table `t_permission`
--

LOCK TABLES `t_permission` WRITE;
/*!40000 ALTER TABLE `t_permission` DISABLE KEYS */;
INSERT INTO `t_permission` VALUES (1,'add',2),(2,'del',1),(3,'update',2),(4,'query',3);
/*!40000 ALTER TABLE `t_permission` ENABLE KEYS */;
UNLOCK TABLES;

--
-- Table structure for table `t_role`
--

DROP TABLE IF EXISTS `t_role`;
/*!40101 SET @saved_cs_client     = @@character_set_client */;
/*!40101 SET character_set_client = utf8 */;
CREATE TABLE `t_role` (
  `id` int(11) NOT NULL,
  `rolename` varchar(45) NOT NULL,
  PRIMARY KEY (`id`)
) ENGINE=InnoDB DEFAULT CHARSET=utf8;
/*!40101 SET character_set_client = @saved_cs_client */;

--
-- Dumping data for table `t_role`
--

LOCK TABLES `t_role` WRITE;
/*!40000 ALTER TABLE `t_role` DISABLE KEYS */;
INSERT INTO `t_role` VALUES (1,'admin'),(2,'manager'),(3,'normal');
/*!40000 ALTER TABLE `t_role` ENABLE KEYS */;
UNLOCK TABLES;

--
-- Table structure for table `t_user`
--

DROP TABLE IF EXISTS `t_user`;
/*!40101 SET @saved_cs_client     = @@character_set_client */;
/*!40101 SET character_set_client = utf8 */;
CREATE TABLE `t_user` (
  `id` int(11) NOT NULL,
  `username` varchar(45) NOT NULL,
  `password` varchar(45) NOT NULL,
  PRIMARY KEY (`id`)
) ENGINE=InnoDB DEFAULT CHARSET=utf8;
/*!40101 SET character_set_client = @saved_cs_client */;

--
-- Dumping data for table `t_user`
--

LOCK TABLES `t_user` WRITE;
/*!40000 ALTER TABLE `t_user` DISABLE KEYS */;
INSERT INTO `t_user` VALUES (1,'tom','000000'),(2,'jack','000000'),(3,'rose','000000');
/*!40000 ALTER TABLE `t_user` ENABLE KEYS */;
UNLOCK TABLES;

--
-- Table structure for table `t_user_role`
--

DROP TABLE IF EXISTS `t_user_role`;
/*!40101 SET @saved_cs_client     = @@character_set_client */;
/*!40101 SET character_set_client = utf8 */;
CREATE TABLE `t_user_role` (
  `user_id` int(11) NOT NULL,
  `role_id` int(11) NOT NULL
) ENGINE=InnoDB DEFAULT CHARSET=utf8;
/*!40101 SET character_set_client = @saved_cs_client */;

--
-- Dumping data for table `t_user_role`
--

LOCK TABLES `t_user_role` WRITE;
/*!40000 ALTER TABLE `t_user_role` DISABLE KEYS */;
INSERT INTO `t_user_role` VALUES (1,1),(1,3),(2,2),(2,3),(3,3);
/*!40000 ALTER TABLE `t_user_role` ENABLE KEYS */;
UNLOCK TABLES;

--
-- Table structure for table `userInfo`
--

DROP TABLE IF EXISTS `userInfo`;
/*!40101 SET @saved_cs_client     = @@character_set_client */;
/*!40101 SET character_set_client = utf8 */;
CREATE TABLE `userInfo` (
  `id` int(11) NOT NULL AUTO_INCREMENT,
  `userId` varchar(45) NOT NULL,
  `nickName` varchar(45) NOT NULL DEFAULT '',
  `phoneNo` varchar(45) NOT NULL DEFAULT '',
  `password` varchar(100) NOT NULL,
  `historyPassword` varchar(100) NOT NULL DEFAULT '',
  `email` varchar(45) NOT NULL DEFAULT '',
  `tbUserId` varchar(100) NOT NULL DEFAULT '‘’',
  `tbPassword` varchar(100) NOT NULL DEFAULT '‘’',
  `headPic` varchar(200) NOT NULL DEFAULT '',
  `gender` tinyint(2) NOT NULL DEFAULT '0',
  `platform` tinyint(2) NOT NULL DEFAULT '1' COMMENT '平台（1、系统自身， 2 、微信  3、QQ）',
  `level` tinyint(2) NOT NULL DEFAULT '1',
  `signature` varchar(200) DEFAULT NULL,
  `fansCount` int(11) NOT NULL DEFAULT '0',
  `attentionCount` int(11) NOT NULL DEFAULT '0',
  `friendsCount` int(11) NOT NULL DEFAULT '0',
  `status` tinyint(2) NOT NULL DEFAULT '1',
  `ryToken` varchar(500) NOT NULL DEFAULT '',
  PRIMARY KEY (`id`),
  UNIQUE KEY `userId_UNIQUE` (`userId`),
  UNIQUE KEY `phoneNo_UNIQUE` (`phoneNo`),
  UNIQUE KEY `nickName_UNIQUE` (`nickName`)
) ENGINE=InnoDB DEFAULT CHARSET=utf8;
/*!40101 SET character_set_client = @saved_cs_client */;

--
-- Dumping data for table `userInfo`
--

LOCK TABLES `userInfo` WRITE;
/*!40000 ALTER TABLE `userInfo` DISABLE KEYS */;
/*!40000 ALTER TABLE `userInfo` ENABLE KEYS */;
UNLOCK TABLES;
/*!40103 SET TIME_ZONE=@OLD_TIME_ZONE */;

/*!40101 SET SQL_MODE=@OLD_SQL_MODE */;
/*!40014 SET FOREIGN_KEY_CHECKS=@OLD_FOREIGN_KEY_CHECKS */;
/*!40014 SET UNIQUE_CHECKS=@OLD_UNIQUE_CHECKS */;
/*!40101 SET CHARACTER_SET_CLIENT=@OLD_CHARACTER_SET_CLIENT */;
/*!40101 SET CHARACTER_SET_RESULTS=@OLD_CHARACTER_SET_RESULTS */;
/*!40101 SET COLLATION_CONNECTION=@OLD_COLLATION_CONNECTION */;
/*!40111 SET SQL_NOTES=@OLD_SQL_NOTES */;

-- Dump completed on 2017-06-21  9:30:41
